<?xml version="1.0" encoding="UTF-8"?>
<!DOCTYPE hibernate-configuration PUBLIC "-//Hibernate/Hibernate Configuration DTD 3.0//EN" "http://hibernate.sourceforge.net/hibernate-configuration-3.0.dtd">
<hibernate-configuration>
  <session-factory>
    <property name="hibernate.connection.driver_class">com.microsoft.sqlserver.jdbc.SQLServerDriver</property>
    <property name="hibernate.connection.url">jdbc:sqlserver://localhost:1433;databaseName=LabourManagement</property>
    <property name="hibernate.connection.username">sa</property>
    <property name="hibernate.connection.password">ishaicreate</property>
    <mapping class="model.Login"></mapping>
    <mapping class="model.Register"></mapping>
    <mapping class="model.Labourrequest"></mapping>
    <mapping class="model.Userrequest"></mapping>
     <mapping class="model.Contact"></mapping>
  </session-factory>
</hibernate-configuration>
