<?xml version="1.0" encoding="UTF-8"?>
<project-private xmlns="http://www.netbeans.org/ns/project-private/1">
    <editor-bookmarks xmlns="http://www.netbeans.org/ns/editor-bookmarks/2" lastBookmarkId="0"/>
    <open-files xmlns="http://www.netbeans.org/ns/projectui-open-files/2">
        <group>
            <file>file:/C:/Users/Dell/Documents/NetBeansProjects/LabourManagement/web/adminhome.jsp</file>
            <file>file:/C:/Users/Dell/Documents/NetBeansProjects/LabourManagement/web/admin.jsp</file>
            <file>file:/C:/Users/Dell/Documents/NetBeansProjects/LabourManagement/web/already.jsp</file>
            <file>file:/C:/Users/Dell/Documents/NetBeansProjects/LabourManagement/web/homeuser.jsp</file>
            <file>file:/C:/Users/Dell/Documents/NetBeansProjects/LabourManagement/web/adminheader.jsp</file>
            <file>file:/C:/Users/Dell/Documents/NetBeansProjects/LabourManagement/web/block.jsp</file>
            <file>file:/C:/Users/Dell/Documents/NetBeansProjects/LabourManagement/web/homelabour.jsp</file>
        </group>
    </open-files>
</project-private>
